model,prompt,item,K,tx,em,em_ci_lo,em_ci_hi,mae_raw,mae_normalized,mae_norm_ci_lo,mae_norm_ci_hi,w1,n_eff,parse_fail_rate,rnd_em,maj_em,lift_rnd,lift_maj,pred_distinct_codes,pred_top1_share,cost_per_call
q3m,P0,POLVIEWS,7,ord,0.2656,0.1823,0.3542,1.3542,0.2257,0.1892,0.2639,0.5781,192,0.0,0.1429,0.3438,0.1432,-0.119,6,0.3698,0.00098
q3m,P0,PARTYID,8,ord,0.2879,0.2071,0.3737,1.3385,0.2157,0.1732,0.2633,0.596,198,0.0,0.125,0.1515,0.1861,0.1607,7,0.3687,0.00098
q3m,P0,ABANY,2,cat,0.5515,0.4412,0.6691,,0.4485,0.3309,0.5588,,136,0.0,0.5,0.5441,0.1029,0.0161,2,0.8015,0.00098
q3m,P0,CAPPUN,2,cat,0.5656,0.4426,0.6885,,0.4344,0.3115,0.5574,,122,0.0,0.5,0.5574,0.1311,0.0185,2,0.5984,0.00098
q3m,P0,GUNLAW,2,cat,0.7353,0.6324,0.8456,,0.2647,0.1544,0.3676,,136,0.0,0.5,0.75,0.4706,-0.0588,2,0.9559,0.00098
q3m,P0,FECHLD,4,ord,0.379,0.2661,0.5,0.8145,0.2715,0.2097,0.3306,0.8226,124,0.0,0.25,0.4355,0.172,-0.1,4,0.4516,0.00098
q3m,P0,FEPOL,2,cat,0.8148,0.6667,0.9444,,0.1852,0.0556,0.3333,,54,0.0,0.5,0.8519,0.6296,-0.25,2,0.8519,0.00098
q3m,P0,RACDIF1,2,cat,0.7419,0.5806,0.871,,0.2581,0.129,0.4194,,62,0.0,0.5,0.5484,0.4839,0.4286,2,0.6129,0.00098
q3m,P0,CONFINAN,3,ord,0.4701,0.3507,0.5896,0.5522,0.2761,0.2127,0.3359,0.9776,134,0.0,0.3333,0.5373,0.2052,-0.1452,2,0.8507,0.00098
q3m,P0,CONLEGIS,3,ord,0.5781,0.4531,0.7031,0.5156,0.2578,0.1797,0.3438,0.9062,128,0.0,0.3333,0.5781,0.3672,0.0,1,1.0,0.00098
q3m,P0,HELPPOOR,5,ord,0.2698,0.1667,0.381,1.0397,0.2599,0.2063,0.3194,0.8016,126,0.0,0.2,0.4127,0.0873,-0.2432,5,0.4524,0.00098
q3m,P0,SATFIN,3,ord,0.545,0.445,0.64,0.505,0.2525,0.1975,0.3126,0.95,200,0.0,0.3333,0.5,0.3175,0.09,3,0.475,0.00098
ds31,P0,POLVIEWS,7,ord,0.349,0.2552,0.4427,0.9896,0.1649,0.1354,0.1962,0.7292,192,0.0,0.1429,0.3438,0.2405,0.0079,5,0.2812,0.00032
ds31,P0,PARTYID,8,ord,0.2525,0.1717,0.3384,1.2344,0.2013,0.1595,0.2439,0.6869,198,0.0,0.125,0.1515,0.1457,0.119,7,0.298,0.00032
ds31,P0,ABANY,2,cat,0.5441,0.4338,0.6546,,0.4559,0.3454,0.5662,,136,0.0,0.5,0.5441,0.0882,0.0,2,0.7206,0.00032
ds31,P0,CAPPUN,2,cat,0.5492,0.418,0.6721,,0.4508,0.3279,0.582,,122,0.0,0.5,0.5574,0.0984,-0.0185,2,0.9918,0.00032
ds31,P0,GUNLAW,2,cat,0.7206,0.6103,0.8235,,0.2794,0.1765,0.3897,,136,0.0,0.5,0.75,0.4412,-0.1176,2,0.9412,0.00032
ds31,P0,FECHLD,4,ord,0.3226,0.2177,0.4274,0.8065,0.2688,0.2177,0.3199,0.879,124,0.0,0.25,0.4355,0.0968,-0.2,4,0.6613,0.00032
ds31,P0,FEPOL,2,cat,0.8519,0.7037,0.963,,0.1481,0.037,0.2963,,54,0.0,0.5,0.8519,0.7037,0.0,1,1.0,0.00032
ds31,P0,RACDIF1,2,cat,0.4677,0.3065,0.629,,0.5323,0.371,0.6935,,62,0.0,0.5,0.5484,-0.0645,-0.1786,2,0.8548,0.00032
ds31,P0,CONFINAN,3,ord,0.5373,0.4179,0.6567,0.4627,0.2313,0.1716,0.291,1.0,134,0.0,0.3333,0.5373,0.306,0.0,2,0.9701,0.00032
ds31,P0,CONLEGIS,3,ord,0.3828,0.2656,0.4922,0.625,0.3125,0.2578,0.3711,0.9922,128,0.0,0.3333,0.5781,0.0742,-0.463,2,0.7812,0.00032
ds31,P0,HELPPOOR,5,ord,0.3254,0.2143,0.4365,1.2619,0.3155,0.25,0.3829,0.5397,126,0.0,0.2,0.4127,0.1567,-0.1486,4,0.5159,0.00032
ds31,P0,SATFIN,3,ord,0.475,0.38,0.57,0.565,0.2825,0.2275,0.34,0.96,200,0.0,0.3333,0.5,0.2125,-0.05,3,0.605,0.00032
l4m,P0,POLVIEWS,7,ord,0.2708,0.1875,0.3594,0.9896,0.1649,0.138,0.1936,0.7969,192,0.0,0.1429,0.3438,0.1493,-0.1111,5,0.3698,0.00018
l4m,P0,PARTYID,8,ord,0.2092,0.1313,0.2828,1.1257,0.1905,0.1551,0.2294,0.7347,196,0.0101,0.125,0.1515,0.0962,0.068,5,0.4235,0.00018
l4m,P0,ABANY,2,cat,0.5778,0.4631,0.6912,,0.4265,0.3088,0.5369,,135,0.0074,0.5,0.5441,0.1556,0.0738,2,0.7037,0.00018
l4m,P0,CAPPUN,2,cat,0.541,0.418,0.6641,,0.459,0.3359,0.582,,122,0.0,0.5,0.5574,0.082,-0.037,2,0.7541,0.00018
l4m,P0,GUNLAW,2,cat,0.7426,0.6324,0.8529,,0.2574,0.1471,0.3676,,136,0.0,0.5,0.75,0.4853,-0.0294,2,0.9632,0.00018
l4m,P0,FECHLD,4,ord,0.4677,0.3468,0.5887,0.5726,0.1909,0.1452,0.2366,0.9597,124,0.0,0.25,0.4355,0.2903,0.0571,4,0.7016,0.00018
l4m,P0,FEPOL,2,cat,0.9074,0.7963,1.0,,0.0926,0.0,0.2037,,54,0.0,0.5,0.8519,0.8148,0.375,2,0.9444,0.00018
l4m,P0,RACDIF1,2,cat,0.5,0.3226,0.6774,,0.5,0.3226,0.6774,,62,0.0,0.5,0.5484,0.0,-0.1071,2,0.8871,0.00018
l4m,P0,CONFINAN,3,ord,0.5373,0.4179,0.6567,0.4627,0.2313,0.1716,0.291,1.0,134,0.0,0.3333,0.5373,0.306,0.0,1,1.0,0.00018
l4m,P0,CONLEGIS,3,ord,0.3438,0.2344,0.4688,0.6562,0.3281,0.2656,0.3828,1.0,128,0.0,0.3333,0.5781,0.0156,-0.5556,2,0.9844,0.00018
l4m,P0,HELPPOOR,5,ord,0.4286,0.3095,0.5556,0.8016,0.2004,0.1508,0.25,0.7857,126,0.0,0.2,0.4127,0.2857,0.027,4,0.5159,0.00018
l4m,P0,SATFIN,3,ord,0.5202,0.42,0.615,0.5101,0.2625,0.2074,0.3175,0.9697,198,0.01,0.3333,0.5,0.2803,0.0404,3,0.8333,0.00018
kk2,P0,POLVIEWS,7,ord,0.2292,0.151,0.3021,1.2917,0.2153,0.1857,0.2483,0.6094,192,0.0,0.1429,0.3438,0.1007,-0.1746,7,0.4219,0.00072
kk2,P0,PARTYID,8,ord,0.2995,0.2121,0.384,1.3204,0.2583,0.2071,0.3131,0.5482,197,0.0051,0.125,0.1515,0.1994,0.1744,8,0.3553,0.00072
kk2,P0,ABANY,2,cat,0.6029,0.5,0.7132,,0.3971,0.2868,0.5,,136,0.0,0.5,0.5441,0.2059,0.129,2,0.5441,0.00072
kk2,P0,CAPPUN,2,cat,0.5656,0.4344,0.6805,,0.4344,0.3195,0.5656,,122,0.0,0.5,0.5574,0.1311,0.0185,2,0.7951,0.00072
kk2,P0,GUNLAW,2,cat,0.7574,0.6618,0.8456,,0.2426,0.1544,0.3382,,136,0.0,0.5,0.75,0.5147,0.0294,2,0.7721,0.00072
kk2,P0,FECHLD,4,ord,0.4472,0.3387,0.5484,0.6829,0.2339,0.1828,0.2903,0.8699,123,0.0081,0.25,0.4355,0.2629,0.0207,4,0.4634,0.00072
kk2,P0,FEPOL,2,cat,0.7037,0.537,0.8519,,0.2963,0.1481,0.463,,54,0.0,0.5,0.8519,0.4074,-1.0,2,0.5926,0.00072
kk2,P0,RACDIF1,2,cat,0.7377,0.5645,0.8548,,0.2742,0.1452,0.4355,,61,0.0161,0.5,0.5484,0.4754,0.4192,2,0.5738,0.00072
kk2,P0,CONFINAN,3,ord,0.4925,0.3881,0.5972,0.5299,0.2649,0.209,0.3246,0.9776,134,0.0,0.3333,0.5373,0.2388,-0.0968,2,0.7836,0.00072
kk2,P0,CONLEGIS,3,ord,0.5556,0.4297,0.6562,0.5159,0.2695,0.1992,0.3477,0.9286,126,0.0156,0.3333,0.5781,0.3333,-0.0535,2,0.8254,0.00072
kk2,P0,HELPPOOR,5,ord,0.3952,0.2857,0.5,1.0242,0.2679,0.2044,0.3313,0.7016,124,0.0159,0.2,0.4127,0.244,-0.0299,5,0.3629,0.00072
kk2,P0,SATFIN,3,ord,0.5431,0.44,0.63,0.5025,0.2625,0.205,0.3225,0.9543,197,0.015,0.3333,0.5,0.3147,0.0863,3,0.5431,0.00072
rnd,P0,POLVIEWS,7,ord,0.1429,0.1429,0.1429,,0.8571,0.8571,0.8571,,192,0.0,0.1429,0.3438,0.0,-0.3061,7,0.1429,0.0
rnd,P0,PARTYID,8,ord,0.125,0.125,0.125,,0.875,0.875,0.875,,198,0.0,0.125,0.1515,0.0,-0.0313,8,0.125,0.0
rnd,P0,ABANY,2,cat,0.5,0.5,0.5,,0.5,0.5,0.5,,136,0.0,0.5,0.5441,0.0,-0.0968,2,0.5,0.0
rnd,P0,CAPPUN,2,cat,0.5,0.5,0.5,,0.5,0.5,0.5,,122,0.0,0.5,0.5574,0.0,-0.1296,2,0.5,0.0
rnd,P0,GUNLAW,2,cat,0.5,0.5,0.5,,0.5,0.5,0.5,,136,0.0,0.5,0.75,0.0,-1.0,2,0.5,0.0
rnd,P0,FECHLD,4,ord,0.25,0.25,0.25,,0.75,0.75,0.75,,124,0.0,0.25,0.4355,0.0,-0.3286,4,0.25,0.0
rnd,P0,FEPOL,2,cat,0.5,0.5,0.5,,0.5,0.5,0.5,,54,0.0,0.5,0.8519,0.0,-2.375,2,0.5,0.0
rnd,P0,RACDIF1,2,cat,0.5,0.5,0.5,,0.5,0.5,0.5,,62,0.0,0.5,0.5484,0.0,-0.1071,2,0.5,0.0
rnd,P0,CONFINAN,3,ord,0.3333,0.3333,0.3333,,0.6667,0.6667,0.6667,,134,0.0,0.3333,0.5373,0.0,-0.4409,3,0.3333,0.0
rnd,P0,CONLEGIS,3,ord,0.3333,0.3333,0.3333,,0.6667,0.6667,0.6667,,128,0.0,0.3333,0.5781,0.0,-0.5802,3,0.3333,0.0
rnd,P0,HELPPOOR,5,ord,0.2,0.2,0.2,,0.8,0.8,0.8,,126,0.0,0.2,0.4127,0.0,-0.3622,5,0.2,0.0
rnd,P0,SATFIN,3,ord,0.3333,0.3333,0.3333,,0.6667,0.6667,0.6667,,200,0.0,0.3333,0.5,0.0,-0.3333,3,0.3333,0.0
Anchor-B-R1ON,P0,POLVIEWS,7,ord,0.2656,0.1823,0.3439,1.2344,0.2057,0.1753,0.2396,0.6198,192,0.0,0.1429,0.3438,0.1432,-0.119,6,0.3646,0.0024
Anchor-B-R1ON,P0,PARTYID,8,ord,0.3131,0.2323,0.3939,1.173,0.2222,0.176,0.2756,0.6162,198,0.0,0.125,0.1515,0.215,0.1905,8,0.2222,0.0024
Anchor-B-R1ON,P0,ABANY,2,cat,0.5956,0.4853,0.7059,,0.4044,0.2941,0.5147,,136,0.0,0.5,0.5441,0.1912,0.1129,2,0.5221,0.0024
Anchor-B-R1ON,P0,CAPPUN,2,cat,0.6148,0.5,0.7213,,0.3852,0.2787,0.5,,122,0.0,0.5,0.5574,0.2295,0.1296,2,0.8279,0.0024
Anchor-B-R1ON,P0,GUNLAW,2,cat,0.7132,0.6103,0.8162,,0.2868,0.1838,0.3897,,136,0.0,0.5,0.75,0.4265,-0.1471,2,0.9044,0.0024
Anchor-B-R1ON,P0,FECHLD,4,ord,0.4516,0.3387,0.5567,0.6452,0.2151,0.1694,0.2661,0.9032,124,0.0,0.25,0.4355,0.2688,0.0286,3,0.4032,0.0024
Anchor-B-R1ON,P0,FEPOL,2,cat,0.8333,0.7037,0.9444,,0.1667,0.0556,0.2963,,54,0.0,0.5,0.8519,0.6667,-0.125,2,0.6852,0.0024
Anchor-B-R1ON,P0,RACDIF1,2,cat,0.7419,0.5968,0.8714,,0.2581,0.1286,0.4032,,62,0.0,0.5,0.5484,0.4839,0.4286,2,0.7419,0.0024
Anchor-B-R1ON,P0,CONFINAN,3,ord,0.4701,0.3507,0.597,0.5821,0.291,0.2201,0.3619,0.9478,134,0.0,0.3333,0.5373,0.2052,-0.1452,2,0.7612,0.0024
Anchor-B-R1ON,P0,CONLEGIS,3,ord,0.5938,0.4844,0.7033,0.4766,0.2383,0.168,0.3126,0.9297,128,0.0,0.3333,0.5781,0.3906,0.037,2,0.8672,0.0024
Anchor-B-R1ON,P0,HELPPOOR,5,ord,0.2698,0.1905,0.3571,1.1349,0.2837,0.2282,0.3433,0.746,126,0.0,0.2,0.4127,0.0873,-0.2432,5,0.2302,0.0024
Anchor-B-R1ON,P0,SATFIN,3,ord,0.5,0.4,0.5951,0.545,0.2725,0.2175,0.3301,0.955,200,0.0,0.3333,0.5,0.25,0.0,3,0.535,0.0024
Anchor-A-R1OFF,P0,POLVIEWS,7,ord,0.2708,0.1875,0.349,1.2292,0.2049,0.1745,0.2387,0.6198,192,0.0,0.1429,0.3438,0.1493,-0.1111,6,0.3646,0.0024
Anchor-A-R1OFF,P0,PARTYID,8,ord,0.3131,0.2374,0.3939,1.1838,0.2237,0.1775,0.2763,0.6061,198,0.0,0.125,0.1515,0.215,0.1905,8,0.2172,0.0024
Anchor-A-R1OFF,P0,ABANY,2,cat,0.6691,0.5588,0.7721,,0.3309,0.2279,0.4412,,136,0.0,0.5,0.5441,0.3382,0.2742,2,0.5515,0.0024
Anchor-A-R1OFF,P0,CAPPUN,2,cat,0.6066,0.4918,0.7131,,0.3934,0.2869,0.5082,,122,0.0,0.5,0.5574,0.2131,0.1111,2,0.8361,0.0024
Anchor-A-R1OFF,P0,GUNLAW,2,cat,0.7353,0.6397,0.8309,,0.2647,0.1691,0.3603,,136,0.0,0.5,0.75,0.4706,-0.0588,2,0.9118,0.0024
Anchor-A-R1OFF,P0,FECHLD,4,ord,0.5242,0.4113,0.6371,0.5726,0.1909,0.1425,0.2419,0.9032,124,0.0,0.25,0.4355,0.3656,0.1571,4,0.5403,0.0024
Anchor-A-R1OFF,P0,FEPOL,2,cat,0.8519,0.7037,0.963,,0.1481,0.037,0.2963,,54,0.0,0.5,0.8519,0.7037,0.0,2,0.8519,0.0024
Anchor-A-R1OFF,P0,RACDIF1,2,cat,0.7097,0.5484,0.8387,,0.2903,0.1613,0.4516,,62,0.0,0.5,0.5484,0.4194,0.3571,2,0.6774,0.0024
Anchor-A-R1OFF,P0,CONFINAN,3,ord,0.6493,0.5373,0.7612,0.3657,0.1828,0.1268,0.2463,0.9851,134,0.0,0.3333,0.5373,0.4739,0.2419,3,0.709,0.0024
Anchor-A-R1OFF,P0,CONLEGIS,3,ord,0.6797,0.5625,0.7891,0.3672,0.1836,0.1172,0.2578,0.9531,128,0.0,0.3333,0.5781,0.5195,0.2407,2,0.8203,0.0024
Anchor-A-R1OFF,P0,HELPPOOR,5,ord,0.4921,0.373,0.619,0.7619,0.1905,0.1329,0.2481,0.8095,126,0.0,0.2,0.4127,0.3651,0.1351,5,0.4127,0.0024
Anchor-A-R1OFF,P0,SATFIN,3,ord,0.505,0.405,0.605,0.545,0.2725,0.2175,0.3325,0.95,200,0.0,0.3333,0.5,0.2575,0.01,3,0.525,0.0024
